"ders","konu"
"Finansal Muhasebe","alinan cek muhasebelestirme"
"Finansal Muhasebe","borc senedi finansman gideri"
"Finansal Muhasebe","fifo stok maliyeti"
"Finansal Muhasebe","kurumlar vergisi odeme"
"Finansal Muhasebe","satis iade kdv duzeltme"
"Finansal Muhasebe","satis iadesi avans"
"Finansal Muhasebe","yansitma hesaplari kaydi"
"Finansal Tablolar ve Analizi","donen varlik devir hizi"
"Finansal Tablolar ve Analizi","likidite tanimi"
"Finansal Tablolar ve Analizi","satis karlilik orani"
"Finansal Tablolar ve Analizi","satislardan saglanan nakit girisi"
"Finansal Tablolar ve Analizi","stok-satis iliskisi"
"Finansal Tablolar ve Analizi","supheli alacak etkisi"
"Finansal Tablolar ve Analizi","trend egilim yuzdesi"
"Hukuk (Ticaret H., Borçlar H., İş H., SSK ve Bağ-Kur Mevzuatı, İdari Yargılama H.)","alacakli temerrudu"
"Hukuk (Ticaret H., Borçlar H., İş H., SSK ve Bağ-Kur Mevzuatı, İdari Yargılama H.)","analik sigortasi tanimi"
"Hukuk (Ticaret H., Borçlar H., İş H., SSK ve Bağ-Kur Mevzuatı, İdari Yargılama H.)","anonim sirket kurulus turleri"
"Hukuk (Ticaret H., Borçlar H., İş H., SSK ve Bağ-Kur Mevzuatı, İdari Yargılama H.)","anonim sirket organlari"
"Hukuk (Ticaret H., Borçlar H., İş H., SSK ve Bağ-Kur Mevzuatı, İdari Yargılama H.)","anonim sirket yonetim kurulu"
"Hukuk (Ticaret H., Borçlar H., İş H., SSK ve Bağ-Kur Mevzuatı, İdari Yargılama H.)","bag-kur sigortali sayilanlar"
"Hukuk (Ticaret H., Borçlar H., İş H., SSK ve Bağ-Kur Mevzuatı, İdari Yargılama H.)","borcu sona erdiren yenileme"
"Hukuk (Ticaret H., Borçlar H., İş H., SSK ve Bağ-Kur Mevzuatı, İdari Yargılama H.)","borcun ifa yeri"
"Hukuk (Ticaret H., Borçlar H., İş H., SSK ve Bağ-Kur Mevzuatı, İdari Yargılama H.)","borcun yenilenmesi tecdit"
"Hukuk (Ticaret H., Borçlar H., İş H., SSK ve Bağ-Kur Mevzuatı, İdari Yargılama H.)","cek ozellikleri"
"Hukuk (Ticaret H., Borçlar H., İş H., SSK ve Bağ-Kur Mevzuatı, İdari Yargılama H.)","hizmet akdi taraf borclari"
"Hukuk (Ticaret H., Borçlar H., İş H., SSK ve Bağ-Kur Mevzuatı, İdari Yargılama H.)","idari dava turleri"
"Hukuk (Ticaret H., Borçlar H., İş H., SSK ve Bağ-Kur Mevzuatı, İdari Yargılama H.)","idari yargi mercileri"
"Hukuk (Ticaret H., Borçlar H., İş H., SSK ve Bağ-Kur Mevzuatı, İdari Yargılama H.)","idari yargi ve anayasa mahkemesi"
"Hukuk (Ticaret H., Borçlar H., İş H., SSK ve Bağ-Kur Mevzuatı, İdari Yargılama H.)","idari yargi yerleri"
"Hukuk (Ticaret H., Borçlar H., İş H., SSK ve Bağ-Kur Mevzuatı, İdari Yargılama H.)","iddia savunma ispat"
"Hukuk (Ticaret H., Borçlar H., İş H., SSK ve Bağ-Kur Mevzuatı, İdari Yargılama H.)","ikametgah borclar hukuku"
"Hukuk (Ticaret H., Borçlar H., İş H., SSK ve Bağ-Kur Mevzuatı, İdari Yargılama H.)","ikametgah tanimi ve turleri"
"Hukuk (Ticaret H., Borçlar H., İş H., SSK ve Bağ-Kur Mevzuatı, İdari Yargılama H.)","ikametgah tebligat hukuku"
"Hukuk (Ticaret H., Borçlar H., İş H., SSK ve Bağ-Kur Mevzuatı, İdari Yargılama H.)","ikametgah turleri ve onemi"
"Hukuk (Ticaret H., Borçlar H., İş H., SSK ve Bağ-Kur Mevzuatı, İdari Yargılama H.)","issizlik odenegi sartlari"
"Hukuk (Ticaret H., Borçlar H., İş H., SSK ve Bağ-Kur Mevzuatı, İdari Yargılama H.)","kanunlarin zaman bakimindan uygulanmasi"
"Hukuk (Ticaret H., Borçlar H., İş H., SSK ve Bağ-Kur Mevzuatı, İdari Yargılama H.)","kefalet akdi"
"Hukuk (Ticaret H., Borçlar H., İş H., SSK ve Bağ-Kur Mevzuatı, İdari Yargılama H.)","malvarligi sahisvarligi farklari"
"Hukuk (Ticaret H., Borçlar H., İş H., SSK ve Bağ-Kur Mevzuatı, İdari Yargılama H.)","sgk isyeri bildirgesi"
"Hukuk (Ticaret H., Borçlar H., İş H., SSK ve Bağ-Kur Mevzuatı, İdari Yargılama H.)","sube kavrami ve sonuclari"
"Hukuk (Ticaret H., Borçlar H., İş H., SSK ve Bağ-Kur Mevzuatı, İdari Yargılama H.)","ticaret sicili islemleri"
"Hukuk (Ticaret H., Borçlar H., İş H., SSK ve Bağ-Kur Mevzuatı, İdari Yargılama H.)","ticari davalarda yetki"
"Hukuk (Ticaret H., Borçlar H., İş H., SSK ve Bağ-Kur Mevzuatı, İdari Yargılama H.)","ttk ticari isler hukumleri"
"Muhasebe Denetimi","calisma kagitlari amaci"
"Muhasebe Denetimi","denetim gorusu belirleme"
"Muhasebe Denetimi","denetim mizani"
"Muhasebe Denetimi","destekleyici kanit guvenilirligi"
"Muhasebe Denetimi","donem sonu duzeltme kaydi"
"Muhasebe Denetimi","gelecek aylara ait gider duzeltme"
"Muhasebe Denetimi","gelecek yillara ait giderler"
"Muhasebe Denetimi","sorumlu denetci sartlari"
"Muhasebe Denetimi","sorumlu denetci sartlari diger"
"Muhasebecilik ve Mali Müşavirlik Meslek Hukuku","birlik disiplin kurulu uyelik sartlari"
"Muhasebecilik ve Mali Müşavirlik Meslek Hukuku","birlik payi karar organi"
"Muhasebecilik ve Mali Müşavirlik Meslek Hukuku","muhasebe duzenleme amaci"
"Muhasebecilik ve Mali Müşavirlik Meslek Hukuku","rapor turleri"
"Muhasebecilik ve Mali Müşavirlik Meslek Hukuku","ruhsatli meslek mensubu haklari"
"Muhasebecilik ve Mali Müşavirlik Meslek Hukuku","ucret yonunden haksiz rekabet"
"Sermaye Piyasası Mevzuatı (Ek: RG-19/8/2014-29093)","araci kurum faaliyet sartlari"
"Sermaye Piyasası Mevzuatı (Ek: RG-19/8/2014-29093)","kamuyu aydinlatma yukumlulugu"
"Sermaye Piyasası Mevzuatı (Ek: RG-19/8/2014-29093)","kayitli sermaye tanimi"
"Sermaye Piyasası Mevzuatı (Ek: RG-19/8/2014-29093)","kira sertifikasi varlik kiralama"
"Sermaye Piyasası Mevzuatı (Ek: RG-19/8/2014-29093)","piyasa likiditesi"
"Sermaye Piyasası Mevzuatı (Ek: RG-19/8/2014-29093)","reel piyasaya kaynak"
"Vergi Mevzuatı ve Uygulaması","amme alacagi tecil"
"Vergi Mevzuatı ve Uygulaması","amme alacaklarinda ruchan hakki"
"Vergi Mevzuatı ve Uygulaması","beyanname verilme sureleri"
"Vergi Mevzuatı ve Uygulaması","beyanname verme sureleri mali tatil"
"Vergi Mevzuatı ve Uygulaması","bsmv matrahi"
"Vergi Mevzuatı ve Uygulaması","dar mukellef tasinmaz kazanci"
"Vergi Mevzuatı ve Uygulaması","defter tasdik zamani"
"Vergi Mevzuatı ve Uygulaması","diger kazanc ve iratlar"
"Vergi Mevzuatı ve Uygulaması","gaibin zuhuru"
"Vergi Mevzuatı ve Uygulaması","hasilat esasli kdv hesabi"
"Vergi Mevzuatı ve Uygulaması","ihrac kaydiyla teslim kdv iadesi"
"Vergi Mevzuatı ve Uygulaması","istirak kazanclari geliri"
"Vergi Mevzuatı ve Uygulaması","istirak kazanclari vergilendirme"
"Vergi Mevzuatı ve Uygulaması","kar payi istisnasi"
"Vergi Mevzuatı ve Uygulaması","muhteviyati itibariyle yaniltici belge"
